<?xml version="1.0" encoding="UTF-8"?>
<project-private xmlns="http://www.netbeans.org/ns/project-private/1">
    <editor-bookmarks xmlns="http://www.netbeans.org/ns/editor-bookmarks/2" lastBookmarkId="0"/>
    <open-files xmlns="http://www.netbeans.org/ns/projectui-open-files/2">
        <group>
            <file>file:/C:/Users/sebas/Desktop/TP2_2__Sebastian_Lencinas.X/mcc_generated_files/interrupt_manager.h</file>
            <file>file:/C:/Users/sebas/Desktop/TP2_2__Sebastian_Lencinas.X/mcc_generated_files/tmr1.c</file>
            <file>file:/C:/Users/sebas/Desktop/TP2_2__Sebastian_Lencinas.X/mcc_generated_files/ccp2.h</file>
            <file>file:/C:/Users/sebas/Desktop/TP2_2__Sebastian_Lencinas.X/mcc_generated_files/mcc.h</file>
            <file>file:/C:/Users/sebas/Desktop/TP2_2__Sebastian_Lencinas.X/mcc_generated_files/pin_manager.h</file>
            <file>file:/C:/Users/sebas/Desktop/TP2_2__Sebastian_Lencinas.X/main.c</file>
            <file>file:/C:/Users/sebas/Desktop/TP2_2__Sebastian_Lencinas.X/mcc_generated_files/tmr1.h</file>
        </group>
    </open-files>
</project-private>
